Workbook

Sheet Account_Setup_and_Data_Load
A1: Organization Link | B1: Organization | C1: Location | D1: Location Ref | E1: Account Style Link | F1: Account Style Caption | G1: Account Subtype | H1: Account Number | I1: Account Reference | J1: Account Supplier | K1: Account Reader | L1: Record Start YYYY-MM-DD | M1: Record End YYYY-MM-DD | N1: Record Data Quality | O1: Record Billing Type | P1: Record Subtype | Q1: Record Entry Method | R1: Record Reference | S1: Record Invoice Number | T1: Quantity | U1: Total Cost
A2: 37395 | B2: Downer | C2: REV_Allied Asphalt | D2: AASPHT | E2: 7868 | F2: Revenue - AUD Million | H2: FY26REV_Allied Asphalt | I2: FY26REV_Allied Asphalt | J2: Downer | K2: Revenue | L2: 2025-07-01 | M2: 2025-07-31 | N2: Actual | O2: Standard | Q2: Insert | R2: Allied Asphalt | S2: Allied Asphalt | T2: 0
A3: 37395 | B3: Downer | C3: REV_BIA | D3: RSV175-1 | E3: 7868 | F3: Revenue - AUD Million | H3: FY26REV_BIA | I3: FY26REV_BIA | J3: Downer | K3: Revenue | L3: 2025-07-01 | M3: 2025-07-31 | N3: Actual | O3: Standard | Q3: Insert | R3: BIA | S3: BIA | T3: -4
A4: 37395 | B4: Downer | C4: REV_EDI Rail- Bombardier Transportation | D4: ERBT | E4: 7868 | F4: Revenue - AUD Million | H4: FY26REV_EDI Rail- Bombardier Transportation | I4: FY26REV_EDI Rail- Bombardier Transportation | J4: Downer | K4: Revenue | L4: 2025-07-01 | M4: 2025-07-31 | N4: Actual | O4: Standard | Q4: Insert | R4: EDI Rail- Bombardier Transportation | S4: EDI Rail- Bombardier Transportation | T4: -2.8
A5: 37395 | B5: Downer | C5: REV_Emulco | D5: EMU | E5: 7868 | F5: Revenue - AUD Million | H5: FY26REV_Emulco | I5: FY26REV_Emulco | J5: Downer | K5: Revenue | L5: 2025-07-01 | M5: 2025-07-31 | N5: Actual | O5: Standard | Q5: Insert | R5: Emulco | S5: Emulco | T5: 0
A6: 37395 | B6: Downer | C6: REV_Isaac Asphalt | D6: ISAAT | E6: 7868 | F6: Revenue - AUD Million | H6: FY26REV_Isaac Asphalt | I6: FY26REV_Isaac Asphalt | J6: Downer | K6: Revenue | L6: 2025-07-01 | M6: 2025-07-31 | N6: Actual | O6: Standard | Q6: Insert | R6: Isaac Asphalt | S6: Isaac Asphalt | T6: 0
A7: 37395 | B7: Downer | C7: REV_Allied Asphalt | D7: AASPHT | E7: 7868 | F7: Revenue - AUD Million | H7: FY26REV_Allied Asphalt | I7: FY26REV_Allied Asphalt | J7: Downer | K7: Revenue | L7: 2025-08-01 | M7: 2025-08-31 | N7: Actual | O7: Standard | Q7: Insert | R7: Allied Asphalt | S7: Allied Asphalt | T7: -0.9
A8: 37395 | B8: Downer | C8: REV_BIA | D8: RSV175-1 | E8: 7868 | F8: Revenue - AUD Million | H8: FY26REV_BIA | I8: FY26REV_BIA | J8: Downer | K8: Revenue | L8: 2025-08-01 | M8: 2025-08-31 | N8: Actual | O8: Standard | Q8: Insert | R8: BIA | S8: BIA | T8: -2.1
A9: 37395 | B9: Downer | C9: REV_EDI Rail- Bombardier Transportation | D9: ERBT | E9: 7868 | F9: Revenue - AUD Million | H9: FY26REV_EDI Rail- Bombardier Transportation | I9: FY26REV_EDI Rail- Bombardier Transportation | J9: Downer | K9: Revenue | L9: 2025-08-01 | M9: 2025-08-31 | N9: Actual | O9: Standard | Q9: Insert | R9: EDI Rail- Bombardier Transportation | S9: EDI Rail- Bombardier Transportation | T9: -3.5
A10: 37395 | B10: Downer | C10: REV_Emulco | D10: EMU | E10: 7868 | F10: Revenue - AUD Million | H10: FY26REV_Emulco | I10: FY26REV_Emulco | J10: Downer | K10: Revenue | L10: 2025-08-01 | M10: 2025-08-31 | N10: Actual | O10: Standard | Q10: Insert | R10: Emulco | S10: Emulco | T10: -0.1
A11: 37395 | B11: Downer | C11: REV_Isaac Asphalt | D11: ISAAT | E11: 7868 | F11: Revenue - AUD Million | H11: FY26REV_Isaac Asphalt | I11: FY26REV_Isaac Asphalt | J11: Downer | K11: Revenue | L11: 2025-08-01 | M11: 2025-08-31 | N11: Actual | O11: Standard | Q11: Insert | R11: Isaac Asphalt | S11: Isaac Asphalt | T11: -0.5
A12: 37395 | B12: Downer | C12: REV_Allied Asphalt | D12: AASPHT | E12: 7868 | F12: Revenue - AUD Million | H12: FY26REV_Allied Asphalt | I12: FY26REV_Allied Asphalt | J12: Downer | K12: Revenue | L12: 2025-09-01 | M12: 2025-09-30 | N12: Actual | O12: Standard | Q12: Insert | R12: Allied Asphalt | S12: Allied Asphalt | T12: -1.2
A13: 37395 | B13: Downer | C13: REV_BIA | D13: RSV175-1 | E13: 7868 | F13: Revenue - AUD Million | H13: FY26REV_BIA | I13: FY26REV_BIA | J13: Downer | K13: Revenue | L13: 2025-09-01 | M13: 2025-09-30 | N13: Actual | O13: Standard | Q13: Insert | R13: BIA | S13: BIA | T13: -5.5
... A61: 37395 | B61: Downer | C61: REV_Isaac Asphalt | D61: ISAAT | E61: 7868 | F61: Revenue - AUD Million | H61: FY26REV_Isaac Asphalt | I61: FY26REV_Isaac Asphalt | J61: Downer | K61: Revenue | L61: 2026-06-01 | M61: 2026-06-30 | N61: Actual | O61: Standard | Q61: Insert | R61: Isaac Asphalt | S61: Isaac Asphalt | T61: -1

Sheet FY26 JV Revenue
A1: FY26 JV Revenue — Joint Ventures & Associates (Jul 25 – Jun 26)
A2: Source: "Actual Revenue Jun 26 -unlinked (as at 2026.07.23).xlsx", sheet "FY26 JV Rev", as reported (positive). The Account_Setup_and_Data_Load sheet carries these same amounts NEGATED, to exclude JV revenue from all revenue figures.
A4: Joint Venture and Associates | B4: Jul 25 | C4: Aug 25 | D4: Sep 25 | E4: Oct 25 | F4: Nov 25 | G4: Dec 25 | H4: Jan 26 | I4: Feb 26 | J4: Mar 26 | K4: Apr 26 | L4: May 26 | M4: Jun 26 | N4: FY26 Total | O4: Location Ref | P4: Already in FY26 revenue upload?
A5: Allied Asphalt | B5: 0 | C5: 0.9 | D5: 1.2 | E5: 0.6 | F5: 0.8 | G5: 2.4 | H5: -0.2 | I5: 0.8 | J5: 1 | K5: 1.5 | L5: 0.8 | M5: 1.8 | N5: =SUM(B5:M5) | O5: AASPHT | P5: No — see note 4
A6: BIA | B6: 4 | C6: 2.1 | D6: 5.5 | E6: 5.2 | F6: 5.7 | G6: 4.8 | H6: 5 | I6: 5.5 | J6: 5.8 | K6: 10.2 | L6: 8.7 | M6: 7.4 | N6: =SUM(B6:M6) | O6: RSV175-1 | P6: Yes
A7: EDI Rail- Bombardier Transportation | B7: 2.8 | C7: 3.5 | D7: 4.7 | E7: 2.8 | F7: 2.6 | G7: 2.9 | H7: 3.1 | I7: 2.1 | J7: 2.1 | K7: 2.9 | L7: 2.7 | M7: 3.4 | N7: =SUM(B7:M7) | O7: ERBT | P7: No — see note 4
A8: Emulco | B8: 0 | C8: 0.1 | D8: 0.1 | E8: 0.2 | F8: 0.5 | G8: 0.8 | H8: 0 | I8: 0.9 | J8: 0 | K8: 0.8 | L8: 0.6 | M8: 0.2 | N8: =SUM(B8:M8) | O8: EMU | P8: No — see note 4
A9: Isaac Asphalt | B9: 0 | C9: 0.5 | D9: 0.4 | E9: 0.6 | F9: 0.8 | G9: 1.6 | H9: 0 | I9: 0.4 | J9: 0.5 | K9: 0.7 | L9: 0.6 | M9: 1 | N9: =SUM(B9:M9) | O9: ISAAT | P9: No — see note 4
A10: Group | B10: =SUM(B5:B9) | C10: =SUM(C5:C9) | D10: =SUM(D5:D9) | E10: =SUM(E5:E9) | F10: =SUM(F5:F9) | G10: =SUM(G5:G9) | H10: =SUM(H5:H9) | I10: =SUM(I5:I9) | ... N10: =SUM(N5:N9)
A12: Notes
A13: 1. Purpose: JV and associate revenue is to be excluded from all revenue figures. This workbook uploads the JV revenue as negative values against JV-specific locations, so revenue reporting nets to revenue excluding JV revenue.
A14: 2. Locations: per "Extract_for_Locations 1 Oct 25" in the FY26 setup workbook, all five JV revenue locations currently exist in Envizi as "_CLOSED_REV_<name>". They must be reopened / renamed to "REV_<name>" before this file is loaded, otherwise the load will create new locations. All five sit under Group Level 3 classification with Report_Percent 100, so they roll up to group.
A15: 3. Sign convention: the monthly figures on this sheet are JV revenue as reported (positive). The upload sheet carries each one negated. Values of zero are loaded as 0.
A16: 4. Coverage — CONFIRMED 4 Aug 26: all five JVs are to be uploaded as negatives. For reference: of the five, only BIA appears as a revenue line in the loaded FY26 figures (Account_Setup_and_Data_Load_-_PM&C_REVJUL25toJUN26_Setup.xlsx, and the "FY26 Rev" detail); Allied Asphalt, EDI Rail-Bombardier Transportation, Emulco and Isaac Asphalt do not appear in those figures, so their negatives reduce reported revenue by amounts not previously included (FY26: BIA 69.9 of the 128.4 total; the other four total 58.5: Allied Asphalt 11.6, EDI Rail-Bombardier 35.6, Emulco 4.2, Isaac Asphalt 7.1).
A17: 4a. BIA rounding: BIA totals 70.1 in the loaded FY26 revenue but 69.9 on the "FY26 JV Rev" source sheet (Aug 2.2 vs 2.1, Nov 5.8 vs 5.7). Excluding at the source figures therefore leaves a 0.2 residual for the year. This file uses the source (JV Rev) figures.
A18: 5. Keolis Downer JV — CONFIRMED 4 Aug 26: not excluded. "Rail Services Victoria Pty Ltd" IS in the loaded FY26 revenue figures under REV_Keolis Downer JV (FY26 total 27.3) but is not on the "FY26 JV Rev" source sheet; the source sheet is the agreed definition of JV revenue to exclude, so it stays in revenue.
A19: 6. BIA Location Ref: the extract shows Location Ref "RSV175-1" for _CLOSED_REV_BIA, which looks like a Rail Services Victoria code. Copied faithfully from the extract; worth confirming with the Envizi admin when reopening the locations.

Sheet Monthly Totals Check
A1: FY26 JV Revenue Exclusion — Monthly Totals: JV revenue (negated) vs Account Setup
A2: Each Account Setup monthly total must equal minus the JV revenue for that month.
A3: Month | B3: JV Revenue (negated) | C3: Account Setup Total | D3: Difference | E3: Row Count (Setup) | F3: Status
A4: Jul 25 | B4: =-SUM('FY26 JV Revenue'!B5:B9) | C4: =SUMIFS(Account_Setup_and_Data_Load!$T$2:$T$61,Account_Setup_and_Data_Load!$L$2:$L$61,"2025-07-01") | D4: =ROUND(C4-B4,4) | E4: =COUNTIF(Account_Setup_and_Data_Load!$L$2:$L$61,"2025-07-01") | F4: =IF(ABS(D4)<=0.001,"OK","MISMATCH")
A5: Aug 25 | B5: =-SUM('FY26 JV Revenue'!C5:C9) | C5: =SUMIFS(Account_Setup_and_Data_Load!$T$2:$T$61,Account_Setup_and_Data_Load!$L$2:$L$61,"2025-08-01") | D5: =ROUND(C5-B5,4) | E5: =COUNTIF(Account_Setup_and_Data_Load!$L$2:$L$61,"2025-08-01") | F5: =IF(ABS(D5)<=0.001,"OK","MISMATCH")
A6: Sep 25 | B6: =-SUM('FY26 JV Revenue'!D5:D9) | C6: =SUMIFS(Account_Setup_and_Data_Load!$T$2:$T$61,Account_Setup_and_Data_Load!$L$2:$L$61,"2025-09-01") | D6: =ROUND(C6-B6,4) | E6: =COUNTIF(Account_Setup_and_Data_Load!$L$2:$L$61,"2025-09-01") | F6: =IF(ABS(D6)<=0.001,"OK","MISMATCH")
A7: Oct 25 | B7: =-SUM('FY26 JV Revenue'!E5:E9) | C7: =SUMIFS(Account_Setup_and_Data_Load!$T$2:$T$61,Account_Setup_and_Data_Load!$L$2:$L$61,"2025-10-01") | D7: =ROUND(C7-B7,4) | E7: =COUNTIF(Account_Setup_and_Data_Load!$L$2:$L$61,"2025-10-01") | F7: =IF(ABS(D7)<=0.001,"OK","MISMATCH")
A8: Nov 25 | B8: =-SUM('FY26 JV Revenue'!F5:F9) | C8: =SUMIFS(Account_Setup_and_Data_Load!$T$2:$T$61,Account_Setup_and_Data_Load!$L$2:$L$61,"2025-11-01") | D8: =ROUND(C8-B8,4) | E8: =COUNTIF(Account_Setup_and_Data_Load!$L$2:$L$61,"2025-11-01") | F8: =IF(ABS(D8)<=0.001,"OK","MISMATCH")
A9: Dec 25 | B9: =-SUM('FY26 JV Revenue'!G5:G9) | C9: =SUMIFS(Account_Setup_and_Data_Load!$T$2:$T$61,Account_Setup_and_Data_Load!$L$2:$L$61,"2025-12-01") | D9: =ROUND(C9-B9,4) | E9: =COUNTIF(Account_Setup_and_Data_Load!$L$2:$L$61,"2025-12-01") | F9: =IF(ABS(D9)<=0.001,"OK","MISMATCH")
A10: Jan 26 | B10: =-SUM('FY26 JV Revenue'!H5:H9) | C10: =SUMIFS(Account_Setup_and_Data_Load!$T$2:$T$61,Account_Setup_and_Data_Load!$L$2:$L$61,"2026-01-01") | D10: =ROUND(C10-B10,4) | E10: =COUNTIF(Account_Setup_and_Data_Load!$L$2:$L$61,"2026-01-01") | F10: =IF(ABS(D10)<=0.001,"OK","MISMATCH")
A11: Feb 26 | B11: =-SUM('FY26 JV Revenue'!I5:I9) | C11: =SUMIFS(Account_Setup_and_Data_Load!$T$2:$T$61,Account_Setup_and_Data_Load!$L$2:$L$61,"2026-02-01") | D11: =ROUND(C11-B11,4) | E11: =COUNTIF(Account_Setup_and_Data_Load!$L$2:$L$61,"2026-02-01") | F11: =IF(ABS(D11)<=0.001,"OK","MISMATCH")
A12: Mar 26 | B12: =-SUM('FY26 JV Revenue'!J5:J9) | C12: =SUMIFS(Account_Setup_and_Data_Load!$T$2:$T$61,Account_Setup_and_Data_Load!$L$2:$L$61,"2026-03-01") | D12: =ROUND(C12-B12,4) | E12: =COUNTIF(Account_Setup_and_Data_Load!$L$2:$L$61,"2026-03-01") | F12: =IF(ABS(D12)<=0.001,"OK","MISMATCH")
A13: Apr 26 | B13: =-SUM('FY26 JV Revenue'!K5:K9) | C13: =SUMIFS(Account_Setup_and_Data_Load!$T$2:$T$61,Account_Setup_and_Data_Load!$L$2:$L$61,"2026-04-01") | D13: =ROUND(C13-B13,4) | E13: =COUNTIF(Account_Setup_and_Data_Load!$L$2:$L$61,"2026-04-01") | F13: =IF(ABS(D13)<=0.001,"OK","MISMATCH")
A14: May 26 | B14: =-SUM('FY26 JV Revenue'!L5:L9) | C14: =SUMIFS(Account_Setup_and_Data_Load!$T$2:$T$61,Account_Setup_and_Data_Load!$L$2:$L$61,"2026-05-01") | D14: =ROUND(C14-B14,4) | E14: =COUNTIF(Account_Setup_and_Data_Load!$L$2:$L$61,"2026-05-01") | F14: =IF(ABS(D14)<=0.001,"OK","MISMATCH")
A15: Jun 26 | B15: =-SUM('FY26 JV Revenue'!M5:M9) | C15: =SUMIFS(Account_Setup_and_Data_Load!$T$2:$T$61,Account_Setup_and_Data_Load!$L$2:$L$61,"2026-06-01") | D15: =ROUND(C15-B15,4) | E15: =COUNTIF(Account_Setup_and_Data_Load!$L$2:$L$61,"2026-06-01") | F15: =IF(ABS(D15)<=0.001,"OK","MISMATCH")
A16: FY26 | B16: =SUM(B4:B15) | C16: =SUM(C4:C15) | D16: =ROUND(C16-B16,4) | E16: =SUM(E4:E15) | F16: =IF(ABS(D16)<=0.001,"OK","MISMATCH")

Sheet Check - By JV by Month
A1: Line-item check: Account Setup upload + source JV revenue = 0 for every JV and every month
A3: Joint Venture | B3: Jul 25 | C3: Aug 25 | D3: Sep 25 | E3: Oct 25 | F3: Nov 25 | G3: Dec 25 | H3: Jan 26 | I3: Feb 26 | J3: Mar 26 | K3: Apr 26 | L3: May 26 | M3: Jun 26 | N3: Status
A4: Allied Asphalt | B4: =ROUND(SUMIFS(Account_Setup_and_Data_Load!$T$2:$T$61,Account_Setup_and_Data_Load!$L$2:$L$61,"2025-07-01",Account_Setup_and_Data_Load!$R$2:$R$61,$A4)+'FY26 JV Revenue'!B5,4) | C4: =ROUND(SUMIFS(Account_Setup_and_Data_Load!$T$2:$T$61,Account_Setup_and_Data_Load!$L$2:$L$61,"2025-08-01",Account_Setup_and_Data_Load!$R$2:$R$61,$A4)+'FY26 JV Revenue'!C5,4) | D4: =ROUND(SUMIFS(Account_Setup_and_Data_Load!$T$2:$T$61,Account_Setup_and_Data_Load!$L$2:$L$61,"2025-09-01",Account_Setup_and_Data_Load!$R$2:$R$61,$A4)+'FY26 JV Revenue'!D5,4) | E4: =ROUND(SUMIFS(Account_Setup_and_Data_Load!$T$2:$T$61,Account_Setup_and_Data_Load!$L$2:$L$61,"2025-10-01",Account_Setup_and_Data_Load!$R$2:$R$61,$A4)+'FY26 JV Revenue'!E5,4) | F4: =ROUND(SUMIFS(Account_Setup_and_Data_Load!$T$2:$T$61,Account_Setup_and_Data_Load!$L$2:$L$61,"2025-11-01",Account_Setup_and_Data_Load!$R$2:$R$61,$A4)+'FY26 JV Revenue'!F5,4) | G4: =ROUND(SUMIFS(Account_Setup_and_Data_Load!$T$2:$T$61,Account_Setup_and_Data_Load!$L$2:$L$61,"2025-12-01",Account_Setup_and_Data_Load!$R$2:$R$61,$A4)+'FY26 JV Revenue'!G5,4) | H4: =ROUND(SUMIFS(Account_Setup_and_Data_Load!$T$2:$T$61,Account_Setup_and_Data_Load!$L$2:$L$61,"2026-01-01",Account_Setup_and_Data_Load!$R$2:$R$61,$A4)+'FY26 JV Revenue'!H5,4) | I4: =ROUND(SUMIFS(Account_Setup_and_Data_Load!$T$2:$T$61,Account_Setup_and_Data_Load!$L$2:$L$61,"2026-02-01",Account_Setup_and_Data_Load!$R$2:$R$61,$A4)+'FY26 JV Revenue'!I5,4) | J4: =ROUND(SUMIFS(Account_Setup_and_Data_Load!$T$2:$T$61,Account_Setup_and_Data_Load!$L$2:$L$61,"2026-03-01",Account_Setup_and_Data_Load!$R$2:$R$61,$A4)+'FY26 JV Revenue'!J5,4) | K4: =ROUND(SUMIFS(Account_Setup_and_Data_Load!$T$2:$T$61,Account_Setup_and_Data_Load!$L$2:$L$61,"2026-04-01",Account_Setup_and_Data_Load!$R$2:$R$61,$A4)+'FY26 JV Revenue'!K5,4) | L4: =ROUND(SUMIFS(Account_Setup_and_Data_Load!$T$2:$T$61,Account_Setup_and_Data_Load!$L$2:$L$61,"2026-05-01",Account_Setup_and_Data_Load!$R$2:$R$61,$A4)+'FY26 JV Revenue'!L5,4) | M4: =ROUND(SUMIFS(Account_Setup_and_Data_Load!$T$2:$T$61,Account_Setup_and_Data_Load!$L$2:$L$61,"2026-06-01",Account_Setup_and_Data_Load!$R$2:$R$61,$A4)+'FY26 JV Revenue'!M5,4) | N4: =IF(SUMPRODUCT(ABS(B4:M4))<=0.001,"OK","MISMATCH")
A5: BIA | B5: =ROUND(SUMIFS(Account_Setup_and_Data_Load!$T$2:$T$61,Account_Setup_and_Data_Load!$L$2:$L$61,"2025-07-01",Account_Setup_and_Data_Load!$R$2:$R$61,$A5)+'FY26 JV Revenue'!B6,4) | C5: =ROUND(SUMIFS(Account_Setup_and_Data_Load!$T$2:$T$61,Account_Setup_and_Data_Load!$L$2:$L$61,"2025-08-01",Account_Setup_and_Data_Load!$R$2:$R$61,$A5)+'FY26 JV Revenue'!C6,4) | D5: =ROUND(SUMIFS(Account_Setup_and_Data_Load!$T$2:$T$61,Account_Setup_and_Data_Load!$L$2:$L$61,"2025-09-01",Account_Setup_and_Data_Load!$R$2:$R$61,$A5)+'FY26 JV Revenue'!D6,4) | E5: =ROUND(SUMIFS(Account_Setup_and_Data_Load!$T$2:$T$61,Account_Setup_and_Data_Load!$L$2:$L$61,"2025-10-01",Account_Setup_and_Data_Load!$R$2:$R$61,$A5)+'FY26 JV Revenue'!E6,4) | F5: =ROUND(SUMIFS(Account_Setup_and_Data_Load!$T$2:$T$61,Account_Setup_and_Data_Load!$L$2:$L$61,"2025-11-01",Account_Setup_and_Data_Load!$R$2:$R$61,$A5)+'FY26 JV Revenue'!F6,4) | G5: =ROUND(SUMIFS(Account_Setup_and_Data_Load!$T$2:$T$61,Account_Setup_and_Data_Load!$L$2:$L$61,"2025-12-01",Account_Setup_and_Data_Load!$R$2:$R$61,$A5)+'FY26 JV Revenue'!G6,4) | H5: =ROUND(SUMIFS(Account_Setup_and_Data_Load!$T$2:$T$61,Account_Setup_and_Data_Load!$L$2:$L$61,"2026-01-01",Account_Setup_and_Data_Load!$R$2:$R$61,$A5)+'FY26 JV Revenue'!H6,4) | I5: =ROUND(SUMIFS(Account_Setup_and_Data_Load!$T$2:$T$61,Account_Setup_and_Data_Load!$L$2:$L$61,"2026-02-01",Account_Setup_and_Data_Load!$R$2:$R$61,$A5)+'FY26 JV Revenue'!I6,4) | J5: =ROUND(SUMIFS(Account_Setup_and_Data_Load!$T$2:$T$61,Account_Setup_and_Data_Load!$L$2:$L$61,"2026-03-01",Account_Setup_and_Data_Load!$R$2:$R$61,$A5)+'FY26 JV Revenue'!J6,4) | K5: =ROUND(SUMIFS(Account_Setup_and_Data_Load!$T$2:$T$61,Account_Setup_and_Data_Load!$L$2:$L$61,"2026-04-01",Account_Setup_and_Data_Load!$R$2:$R$61,$A5)+'FY26 JV Revenue'!K6,4) | L5: =ROUND(SUMIFS(Account_Setup_and_Data_Load!$T$2:$T$61,Account_Setup_and_Data_Load!$L$2:$L$61,"2026-05-01",Account_Setup_and_Data_Load!$R$2:$R$61,$A5)+'FY26 JV Revenue'!L6,4) | M5: =ROUND(SUMIFS(Account_Setup_and_Data_Load!$T$2:$T$61,Account_Setup_and_Data_Load!$L$2:$L$61,"2026-06-01",Account_Setup_and_Data_Load!$R$2:$R$61,$A5)+'FY26 JV Revenue'!M6,4) | N5: =IF(SUMPRODUCT(ABS(B5:M5))<=0.001,"OK","MISMATCH")
A6: EDI Rail- Bombardier Transportation | B6: =ROUND(SUMIFS(Account_Setup_and_Data_Load!$T$2:$T$61,Account_Setup_and_Data_Load!$L$2:$L$61,"2025-07-01",Account_Setup_and_Data_Load!$R$2:$R$61,$A6)+'FY26 JV Revenue'!B7,4) | C6: =ROUND(SUMIFS(Account_Setup_and_Data_Load!$T$2:$T$61,Account_Setup_and_Data_Load!$L$2:$L$61,"2025-08-01",Account_Setup_and_Data_Load!$R$2:$R$61,$A6)+'FY26 JV Revenue'!C7,4) | D6: =ROUND(SUMIFS(Account_Setup_and_Data_Load!$T$2:$T$61,Account_Setup_and_Data_Load!$L$2:$L$61,"2025-09-01",Account_Setup_and_Data_Load!$R$2:$R$61,$A6)+'FY26 JV Revenue'!D7,4) | E6: =ROUND(SUMIFS(Account_Setup_and_Data_Load!$T$2:$T$61,Account_Setup_and_Data_Load!$L$2:$L$61,"2025-10-01",Account_Setup_and_Data_Load!$R$2:$R$61,$A6)+'FY26 JV Revenue'!E7,4) | F6: =ROUND(SUMIFS(Account_Setup_and_Data_Load!$T$2:$T$61,Account_Setup_and_Data_Load!$L$2:$L$61,"2025-11-01",Account_Setup_and_Data_Load!$R$2:$R$61,$A6)+'FY26 JV Revenue'!F7,4) | G6: =ROUND(SUMIFS(Account_Setup_and_Data_Load!$T$2:$T$61,Account_Setup_and_Data_Load!$L$2:$L$61,"2025-12-01",Account_Setup_and_Data_Load!$R$2:$R$61,$A6)+'FY26 JV Revenue'!G7,4) | H6: =ROUND(SUMIFS(Account_Setup_and_Data_Load!$T$2:$T$61,Account_Setup_and_Data_Load!$L$2:$L$61,"2026-01-01",Account_Setup_and_Data_Load!$R$2:$R$61,$A6)+'FY26 JV Revenue'!H7,4) | I6: =ROUND(SUMIFS(Account_Setup_and_Data_Load!$T$2:$T$61,Account_Setup_and_Data_Load!$L$2:$L$61,"2026-02-01",Account_Setup_and_Data_Load!$R$2:$R$61,$A6)+'FY26 JV Revenue'!I7,4) | J6: =ROUND(SUMIFS(Account_Setup_and_Data_Load!$T$2:$T$61,Account_Setup_and_Data_Load!$L$2:$L$61,"2026-03-01",Account_Setup_and_Data_Load!$R$2:$R$61,$A6)+'FY26 JV Revenue'!J7,4) | K6: =ROUND(SUMIFS(Account_Setup_and_Data_Load!$T$2:$T$61,Account_Setup_and_Data_Load!$L$2:$L$61,"2026-04-01",Account_Setup_and_Data_Load!$R$2:$R$61,$A6)+'FY26 JV Revenue'!K7,4) | L6: =ROUND(SUMIFS(Account_Setup_and_Data_Load!$T$2:$T$61,Account_Setup_and_Data_Load!$L$2:$L$61,"2026-05-01",Account_Setup_and_Data_Load!$R$2:$R$61,$A6)+'FY26 JV Revenue'!L7,4) | M6: =ROUND(SUMIFS(Account_Setup_and_Data_Load!$T$2:$T$61,Account_Setup_and_Data_Load!$L$2:$L$61,"2026-06-01",Account_Setup_and_Data_Load!$R$2:$R$61,$A6)+'FY26 JV Revenue'!M7,4) | N6: =IF(SUMPRODUCT(ABS(B6:M6))<=0.001,"OK","MISMATCH")
A7: Emulco | B7: =ROUND(SUMIFS(Account_Setup_and_Data_Load!$T$2:$T$61,Account_Setup_and_Data_Load!$L$2:$L$61,"2025-07-01",Account_Setup_and_Data_Load!$R$2:$R$61,$A7)+'FY26 JV Revenue'!B8,4) | C7: =ROUND(SUMIFS(Account_Setup_and_Data_Load!$T$2:$T$61,Account_Setup_and_Data_Load!$L$2:$L$61,"2025-08-01",Account_Setup_and_Data_Load!$R$2:$R$61,$A7)+'FY26 JV Revenue'!C8,4) | D7: =ROUND(SUMIFS(Account_Setup_and_Data_Load!$T$2:$T$61,Account_Setup_and_Data_Load!$L$2:$L$61,"2025-09-01",Account_Setup_and_Data_Load!$R$2:$R$61,$A7)+'FY26 JV Revenue'!D8,4) | E7: =ROUND(SUMIFS(Account_Setup_and_Data_Load!$T$2:$T$61,Account_Setup_and_Data_Load!$L$2:$L$61,"2025-10-01",Account_Setup_and_Data_Load!$R$2:$R$61,$A7)+'FY26 JV Revenue'!E8,4) | F7: =ROUND(SUMIFS(Account_Setup_and_Data_Load!$T$2:$T$61,Account_Setup_and_Data_Load!$L$2:$L$61,"2025-11-01",Account_Setup_and_Data_Load!$R$2:$R$61,$A7)+'FY26 JV Revenue'!F8,4) | G7: =ROUND(SUMIFS(Account_Setup_and_Data_Load!$T$2:$T$61,Account_Setup_and_Data_Load!$L$2:$L$61,"2025-12-01",Account_Setup_and_Data_Load!$R$2:$R$61,$A7)+'FY26 JV Revenue'!G8,4) | H7: =ROUND(SUMIFS(Account_Setup_and_Data_Load!$T$2:$T$61,Account_Setup_and_Data_Load!$L$2:$L$61,"2026-01-01",Account_Setup_and_Data_Load!$R$2:$R$61,$A7)+'FY26 JV Revenue'!H8,4) | I7: =ROUND(SUMIFS(Account_Setup_and_Data_Load!$T$2:$T$61,Account_Setup_and_Data_Load!$L$2:$L$61,"2026-02-01",Account_Setup_and_Data_Load!$R$2:$R$61,$A7)+'FY26 JV Revenue'!I8,4) | J7: =ROUND(SUMIFS(Account_Setup_and_Data_Load!$T$2:$T$61,Account_Setup_and_Data_Load!$L$2:$L$61,"2026-03-01",Account_Setup_and_Data_Load!$R$2:$R$61,$A7)+'FY26 JV Revenue'!J8,4) | K7: =ROUND(SUMIFS(Account_Setup_and_Data_Load!$T$2:$T$61,Account_Setup_and_Data_Load!$L$2:$L$61,"2026-04-01",Account_Setup_and_Data_Load!$R$2:$R$61,$A7)+'FY26 JV Revenue'!K8,4) | L7: =ROUND(SUMIFS(Account_Setup_and_Data_Load!$T$2:$T$61,Account_Setup_and_Data_Load!$L$2:$L$61,"2026-05-01",Account_Setup_and_Data_Load!$R$2:$R$61,$A7)+'FY26 JV Revenue'!L8,4) | M7: =ROUND(SUMIFS(Account_Setup_and_Data_Load!$T$2:$T$61,Account_Setup_and_Data_Load!$L$2:$L$61,"2026-06-01",Account_Setup_and_Data_Load!$R$2:$R$61,$A7)+'FY26 JV Revenue'!M8,4) | N7: =IF(SUMPRODUCT(ABS(B7:M7))<=0.001,"OK","MISMATCH")
A8: Isaac Asphalt | B8: =ROUND(SUMIFS(Account_Setup_and_Data_Load!$T$2:$T$61,Account_Setup_and_Data_Load!$L$2:$L$61,"2025-07-01",Account_Setup_and_Data_Load!$R$2:$R$61,$A8)+'FY26 JV Revenue'!B9,4) | C8: =ROUND(SUMIFS(Account_Setup_and_Data_Load!$T$2:$T$61,Account_Setup_and_Data_Load!$L$2:$L$61,"2025-08-01",Account_Setup_and_Data_Load!$R$2:$R$61,$A8)+'FY26 JV Revenue'!C9,4) | D8: =ROUND(SUMIFS(Account_Setup_and_Data_Load!$T$2:$T$61,Account_Setup_and_Data_Load!$L$2:$L$61,"2025-09-01",Account_Setup_and_Data_Load!$R$2:$R$61,$A8)+'FY26 JV Revenue'!D9,4) | E8: =ROUND(SUMIFS(Account_Setup_and_Data_Load!$T$2:$T$61,Account_Setup_and_Data_Load!$L$2:$L$61,"2025-10-01",Account_Setup_and_Data_Load!$R$2:$R$61,$A8)+'FY26 JV Revenue'!E9,4) | F8: =ROUND(SUMIFS(Account_Setup_and_Data_Load!$T$2:$T$61,Account_Setup_and_Data_Load!$L$2:$L$61,"2025-11-01",Account_Setup_and_Data_Load!$R$2:$R$61,$A8)+'FY26 JV Revenue'!F9,4) | G8: =ROUND(SUMIFS(Account_Setup_and_Data_Load!$T$2:$T$61,Account_Setup_and_Data_Load!$L$2:$L$61,"2025-12-01",Account_Setup_and_Data_Load!$R$2:$R$61,$A8)+'FY26 JV Revenue'!G9,4) | H8: =ROUND(SUMIFS(Account_Setup_and_Data_Load!$T$2:$T$61,Account_Setup_and_Data_Load!$L$2:$L$61,"2026-01-01",Account_Setup_and_Data_Load!$R$2:$R$61,$A8)+'FY26 JV Revenue'!H9,4) | I8: =ROUND(SUMIFS(Account_Setup_and_Data_Load!$T$2:$T$61,Account_Setup_and_Data_Load!$L$2:$L$61,"2026-02-01",Account_Setup_and_Data_Load!$R$2:$R$61,$A8)+'FY26 JV Revenue'!I9,4) | J8: =ROUND(SUMIFS(Account_Setup_and_Data_Load!$T$2:$T$61,Account_Setup_and_Data_Load!$L$2:$L$61,"2026-03-01",Account_Setup_and_Data_Load!$R$2:$R$61,$A8)+'FY26 JV Revenue'!J9,4) | K8: =ROUND(SUMIFS(Account_Setup_and_Data_Load!$T$2:$T$61,Account_Setup_and_Data_Load!$L$2:$L$61,"2026-04-01",Account_Setup_and_Data_Load!$R$2:$R$61,$A8)+'FY26 JV Revenue'!K9,4) | L8: =ROUND(SUMIFS(Account_Setup_and_Data_Load!$T$2:$T$61,Account_Setup_and_Data_Load!$L$2:$L$61,"2026-05-01",Account_Setup_and_Data_Load!$R$2:$R$61,$A8)+'FY26 JV Revenue'!L9,4) | M8: =ROUND(SUMIFS(Account_Setup_and_Data_Load!$T$2:$T$61,Account_Setup_and_Data_Load!$L$2:$L$61,"2026-06-01",Account_Setup_and_Data_Load!$R$2:$R$61,$A8)+'FY26 JV Revenue'!M9,4) | N8: =IF(SUMPRODUCT(ABS(B8:M8))<=0.001,"OK","MISMATCH")
A10: Overall | N10: =IF(SUMPRODUCT(ABS(B4:M8))<=0.001,"ALL OK","MISMATCH")
